{"content": {"suites": {"0": {"status": {"total_pass": 4, "total_skip": 0, "total_xpass": 0, "total_xfail": 0, "total_rerun": 0, "total_fail": 0, "total_error": 0}, "tests": {"0": {"status": "PASS", "message": "", "test_name": "test_add", "rerun": "0"}, "1": {"status": "PASS", "message": "", "test_name": "test_product", "rerun": "0"}, "2": {"status": "PASS", "message": "", "test_name": "test_add_strings", "rerun": "0"}, "3": {"status": "PASS", "message": "", "test_name": "test_product_strings", "rerun": "0"}}, "suite_name": "testpratice.py"}}}, "date": "August 10, 2021", "start_time": 1628577422.1842146, "total_suite": 1, "status": "PASS", "status_list": {"pass": "4", "fail": "0", "skip": "0", "error": "0", "xpass": "0", "xfail": "0", "rerun": "0"}, "total_tests": "4"}